<?xml version="1.0" encoding="utf-8" standalone="no"?>
<manifest identifier="00" version="1" xmlns:adlcp="http://www.adlnet.org/xsd/adlcp_rootv1p2" xmlns="http://www.imsproject.org/xsd/imscp_rootv1p1p2" xmlns:xsi="http://www.w3.org/2001/XMLSchema-instance" xsi:schemaLocation="http://www.imsproject.org/xsd/imscp_rootv1p1p2 imscp_rootv1p1p2.xsd http://www.imsglobal.org/xsd/imsmd_rootv1p2p1 imsmd_rootv1p2p1.xsd http://www.adlnet.org/xsd/adlcp_rootv1p2 adlcp_rootv1p2.xsd">
  <metadata>
    <schema>ADL SCORM</schema>
    <schemaversion>1.2</schemaversion>
    <adlcp:location>metadata.xml</adlcp:location>
  </metadata>
  <organizations default="Cristina_Diana_Ene">
    <organization identifier="Cristina_Diana_Ene">
      <title>Mes outils numériques</title>
      <item identifier="item_00" identifierref="resource_00">
        <title>Mes outils numériques</title>
        <adlcp:masteryscore>70</adlcp:masteryscore>
        <metadata>
          <schema>ADL SCORM</schema>
          <schemaversion>1.2</schemaversion>
          <adlcp:location>metadata.xml</adlcp:location>
        </metadata>
      </item>
      <metadata>
        <schema>ADL SCORM</schema>
        <schemaversion>1.2</schemaversion>
        <adlcp:location>metadata.xml</adlcp:location>
      </metadata>
    </organization>
  </organizations>
  <resources>
    <metadata>
      <schema>ADL SCORM</schema>
      <schemaversion>1.2</schemaversion>
      <adlcp:location>metadata.xml</adlcp:location>
    </metadata>
    <resource identifier="resource_00" type="webcontent" href="index.html" adlcp:scormtype="sco">
      <metadata>
        <schema>ADL SCORM</schema>
        <schemaversion>1.2</schemaversion>
        <adlcp:location>metadata.xml</adlcp:location>
      </metadata>
      <file href="SCORM_API_wrapper.js"/>
      <file href="audios/file-6IrV1tyX.mp3"/>
      <file href="audios/file-71E1rKjE.mp3"/>
      <file href="audios/file-CqDBSVU6jPnKcGRE-fTF4fP3s.mp3"/>
      <file href="audios/file-DO_cTxBNOJ5FKuzO-4r4CnuOu.mp3"/>
      <file href="audios/file-FbpJ1PR6nEXrcrF--uhKEAXNy.mp3"/>
      <file href="audios/file-Ui0SiffLI_eCHJnG-EWoJ5BrR.mp3"/>
      <file href="audios/file-aUpLBMp6.mp3"/>
      <file href="audios/file-bMMFh-GZqya_7G06-bDNLOOhc.mp3"/>
      <file href="audios/file-nq7VonIRx2J6X3Kv-5l98mO4k.mp3"/>
      <file href="audios/file-wUAceUDfRmVirQIM-HmbAiRw6.mp3"/>
      <file href="audios/file-xx7YagqRMO4F0SbZ-EW4kd3KD.mp3"/>
      <file href="audios/file-y0cTworRnlq_Jarz-Uxy2tois.mp3"/>
      <file href="h5p-adaptor.js"/>
      <file href="images/file-ii_QAZ3aFohReGxu-y2A1gGNg.png"/>
      <file href="index.html"/>
    </resource>
  </resources>
</manifest>